run_date,run_timestamp_utc,since,author_filter,repo,current_files,current_code_lines,commits_since_start,added_since_start,deleted_since_start,net_since_start
2026-07-09,2026-07-09T19:45:43Z,2026-01-01,colin.stiles@tn.gov;colintimothystiles@gmail.com,tn-dept-ag/###-0569,9,554,17,1324,130,1194
2026-07-09,2026-07-09T19:45:43Z,2026-01-01,colin.stiles@tn.gov;colintimothystiles@gmail.com,tn-dept-ag/###-9977,10,4127,32,16311,10632,5679
2026-07-09,2026-07-09T19:45:43Z,2026-01-01,colin.stiles@tn.gov;colintimothystiles@gmail.com,tn-dept-ag/tda-code-metrics,3,276,21,623,33,590
2026-07-09,2026-07-09T19:45:43Z,2026-01-01,colin.stiles@tn.gov;colintimothystiles@gmail.com,tn-dept-ag/###-4511,10,534,4,1165,0,1165
2026-07-09,2026-07-09T19:45:43Z,2026-01-01,colin.stiles@tn.gov;colintimothystiles@gmail.com,tn-dept-ag/###-8759,38,19907,15,28225,76,28149
2026-07-09,2026-07-09T19:45:43Z,2026-01-01,colin.stiles@tn.gov;colintimothystiles@gmail.com,tn-dept-ag/###-3844,8,690,2,1963,0,1963
2026-07-09,2026-07-09T19:45:43Z,2026-01-01,colin.stiles@tn.gov;colintimothystiles@gmail.com,tn-dept-ag/###-1067,8,569,9,1303,94,1209
2026-07-09,2026-07-09T19:45:43Z,2026-01-01,colin.stiles@tn.gov;colintimothystiles@gmail.com,tn-dept-ag/###-6744,7,201,4,405,34,371
2026-07-09,2026-07-09T19:45:43Z,2026-01-01,colin.stiles@tn.gov;colintimothystiles@gmail.com,tn-dept-ag/###-1646,11,918,11,2628,546,2082
2026-07-09,2026-07-09T19:45:43Z,2026-01-01,colin.stiles@tn.gov;colintimothystiles@gmail.com,tn-dept-ag/.github,15,428,19,1048,337,711
2026-07-10,2026-07-10T16:23:28Z,2026-01-01,colintimothystiles@gmail.com,colinstiles/###-7295,1,2,1,23,0,23
2026-07-10,2026-07-10T16:23:28Z,2026-01-01,colintimothystiles@gmail.com,colinstiles/###-0019,42,16981,51,149656,627,149029
2026-07-10,2026-07-10T16:23:28Z,2026-01-01,colintimothystiles@gmail.com,colinstiles/###-0283,14,384,6,611,83,528
2026-07-10,2026-07-10T16:39:04Z,2026-01-01,colin.stiles@tn.gov;colintimothystiles@gmail.com,tn-dept-ag/tda-code-metrics,4,992,29,1819,312,1507
2026-07-10,2026-07-10T16:39:04Z,2026-01-01,colin.stiles@tn.gov;colintimothystiles@gmail.com,tn-dept-ag/###-0569,9,554,17,1324,130,1194
2026-07-10,2026-07-10T16:39:04Z,2026-01-01,colin.stiles@tn.gov;colintimothystiles@gmail.com,tn-dept-ag/###-1646,11,918,11,2628,546,2082
2026-07-10,2026-07-10T16:39:04Z,2026-01-01,colin.stiles@tn.gov;colintimothystiles@gmail.com,tn-dept-ag/###-9977,10,4127,32,16311,10632,5679
2026-07-10,2026-07-10T16:39:04Z,2026-01-01,colin.stiles@tn.gov;colintimothystiles@gmail.com,tn-dept-ag/###-4511,10,534,4,1165,0,1165
2026-07-10,2026-07-10T16:39:04Z,2026-01-01,colin.stiles@tn.gov;colintimothystiles@gmail.com,tn-dept-ag/###-8759,38,19907,15,28225,76,28149
2026-07-10,2026-07-10T16:39:04Z,2026-01-01,colin.stiles@tn.gov;colintimothystiles@gmail.com,tn-dept-ag/###-3844,8,690,2,1963,0,1963
2026-07-10,2026-07-10T16:39:04Z,2026-01-01,colin.stiles@tn.gov;colintimothystiles@gmail.com,tn-dept-ag/###-1067,8,569,9,1303,94,1209
2026-07-10,2026-07-10T16:39:04Z,2026-01-01,colin.stiles@tn.gov;colintimothystiles@gmail.com,tn-dept-ag/###-6744,7,201,4,405,34,371
2026-07-10,2026-07-10T16:39:04Z,2026-01-01,colin.stiles@tn.gov;colintimothystiles@gmail.com,tn-dept-ag/.github,15,428,19,1048,337,711
2026-07-11,2026-07-11T14:20:53Z,2026-01-01,colin.stiles@tn.gov;colintimothystiles@gmail.com,tn-dept-ag/tda-code-metrics,4,1133,34,2410,371,2039
2026-07-11,2026-07-11T14:20:53Z,2026-01-01,colin.stiles@tn.gov;colintimothystiles@gmail.com,tn-dept-ag/###-0569,9,554,17,1324,130,1194
2026-07-11,2026-07-11T14:20:53Z,2026-01-01,colin.stiles@tn.gov;colintimothystiles@gmail.com,tn-dept-ag/###-1646,11,918,11,2628,546,2082
2026-07-11,2026-07-11T14:20:53Z,2026-01-01,colin.stiles@tn.gov;colintimothystiles@gmail.com,tn-dept-ag/###-9977,10,4127,32,16311,10632,5679
2026-07-11,2026-07-11T14:20:53Z,2026-01-01,colin.stiles@tn.gov;colintimothystiles@gmail.com,tn-dept-ag/###-4511,10,534,4,1165,0,1165
2026-07-11,2026-07-11T14:20:53Z,2026-01-01,colin.stiles@tn.gov;colintimothystiles@gmail.com,tn-dept-ag/###-8759,38,19907,15,28225,76,28149
2026-07-11,2026-07-11T14:20:53Z,2026-01-01,colin.stiles@tn.gov;colintimothystiles@gmail.com,tn-dept-ag/###-3844,8,690,2,1963,0,1963
2026-07-11,2026-07-11T14:20:53Z,2026-01-01,colin.stiles@tn.gov;colintimothystiles@gmail.com,tn-dept-ag/###-1067,8,569,9,1303,94,1209
2026-07-11,2026-07-11T14:20:53Z,2026-01-01,colin.stiles@tn.gov;colintimothystiles@gmail.com,tn-dept-ag/###-6744,7,201,4,405,34,371
2026-07-11,2026-07-11T14:20:53Z,2026-01-01,colin.stiles@tn.gov;colintimothystiles@gmail.com,tn-dept-ag/.github,15,429,20,1050,338,712
2026-07-13,2026-07-13T09:37:17Z,2026-01-01,colin.stiles@tn.gov;colintimothystiles@gmail.com,tn-dept-ag/tda-code-metrics,4,1201,35,2533,392,2141
2026-07-13,2026-07-13T09:37:17Z,2026-01-01,colin.stiles@tn.gov;colintimothystiles@gmail.com,tn-dept-ag/###-0569,9,554,17,1324,130,1194
2026-07-13,2026-07-13T09:37:17Z,2026-01-01,colin.stiles@tn.gov;colintimothystiles@gmail.com,tn-dept-ag/###-1646,11,918,11,2628,546,2082
2026-07-13,2026-07-13T09:37:17Z,2026-01-01,colin.stiles@tn.gov;colintimothystiles@gmail.com,tn-dept-ag/###-9977,10,4127,32,16311,10632,5679
2026-07-13,2026-07-13T09:37:17Z,2026-01-01,colin.stiles@tn.gov;colintimothystiles@gmail.com,tn-dept-ag/###-4511,10,534,4,1165,0,1165
2026-07-13,2026-07-13T09:37:17Z,2026-01-01,colin.stiles@tn.gov;colintimothystiles@gmail.com,tn-dept-ag/###-8759,38,19907,15,28225,76,28149
2026-07-13,2026-07-13T09:37:17Z,2026-01-01,colin.stiles@tn.gov;colintimothystiles@gmail.com,tn-dept-ag/###-3844,8,690,2,1963,0,1963
2026-07-13,2026-07-13T09:37:17Z,2026-01-01,colin.stiles@tn.gov;colintimothystiles@gmail.com,tn-dept-ag/###-1067,8,569,9,1303,94,1209
2026-07-13,2026-07-13T09:37:17Z,2026-01-01,colin.stiles@tn.gov;colintimothystiles@gmail.com,tn-dept-ag/###-6744,7,201,4,405,34,371
2026-07-13,2026-07-13T09:37:17Z,2026-01-01,colin.stiles@tn.gov;colintimothystiles@gmail.com,tn-dept-ag/.github,15,429,20,1050,338,712
2026-07-14,2026-07-14T18:31:17Z,2026-01-01,colin.stiles@tn.gov;colintimothystiles@gmail.com,tn-dept-ag/.github,15,429,20,1050,338,712
2026-07-14,2026-07-14T18:31:17Z,2026-01-01,colin.stiles@tn.gov;colintimothystiles@gmail.com,tn-dept-ag/###-1067,8,569,9,1303,94,1209
2026-07-14,2026-07-14T18:31:17Z,2026-01-01,colin.stiles@tn.gov;colintimothystiles@gmail.com,tn-dept-ag/###-4511,10,534,4,1165,0,1165
2026-07-14,2026-07-14T18:31:17Z,2026-01-01,colin.stiles@tn.gov;colintimothystiles@gmail.com,tn-dept-ag/###-6425,9,554,1,1194,0,1194
2026-07-14,2026-07-14T18:31:17Z,2026-01-01,colin.stiles@tn.gov;colintimothystiles@gmail.com,tn-dept-ag/###-3844,8,690,2,1963,0,1963
2026-07-14,2026-07-14T18:31:17Z,2026-01-01,colin.stiles@tn.gov;colintimothystiles@gmail.com,tn-dept-ag/tda-code-metrics,4,1202,38,2644,407,2237
2026-07-14,2026-07-14T18:31:17Z,2026-01-01,colin.stiles@tn.gov;colintimothystiles@gmail.com,tn-dept-ag/###-6744,7,201,4,405,34,371
2026-07-14,2026-07-14T18:31:17Z,2026-01-01,colin.stiles@tn.gov;colintimothystiles@gmail.com,tn-dept-ag/###-0569,9,554,18,1326,132,1194
2026-07-14,2026-07-14T18:31:17Z,2026-01-01,colin.stiles@tn.gov;colintimothystiles@gmail.com,tn-dept-ag/###-8759,38,19907,15,28225,76,28149
2026-07-14,2026-07-14T18:31:17Z,2026-01-01,colin.stiles@tn.gov;colintimothystiles@gmail.com,tn-dept-ag/###-1646,11,918,11,2628,546,2082
2026-07-14,2026-07-14T18:31:17Z,2026-01-01,colin.stiles@tn.gov;colintimothystiles@gmail.com,tn-dept-ag/###-9977,10,4127,32,16311,10632,5679
2026-07-20,2026-07-20T09:24:38Z,2026-01-01,colin.stiles@tn.gov;colintimothystiles@gmail.com,tn-dept-ag/.github,15,429,20,1050,338,712
2026-07-20,2026-07-20T09:24:38Z,2026-01-01,colin.stiles@tn.gov;colintimothystiles@gmail.com,tn-dept-ag/###-0663,8,569,9,1303,94,1209
2026-07-20,2026-07-20T09:24:38Z,2026-01-01,colin.stiles@tn.gov;colintimothystiles@gmail.com,tn-dept-ag/###-0636,10,534,4,1165,0,1165
2026-07-20,2026-07-20T09:24:38Z,2026-01-01,colin.stiles@tn.gov;colintimothystiles@gmail.com,tn-dept-ag/###-2311,18,1207,14,2295,101,2194
2026-07-20,2026-07-20T09:24:38Z,2026-01-01,colin.stiles@tn.gov;colintimothystiles@gmail.com,tn-dept-ag/###-4136,8,690,2,1963,0,1963
2026-07-20,2026-07-20T09:24:38Z,2026-01-01,colin.stiles@tn.gov;colintimothystiles@gmail.com,tn-dept-ag/tda-code-metrics,4,1203,39,2653,415,2238
2026-07-20,2026-07-20T09:24:38Z,2026-01-01,colin.stiles@tn.gov;colintimothystiles@gmail.com,tn-dept-ag/###-5322,7,201,4,405,34,371
2026-07-20,2026-07-20T09:24:38Z,2026-01-01,colin.stiles@tn.gov;colintimothystiles@gmail.com,tn-dept-ag/###-5226,9,555,23,1362,165,1197
2026-07-20,2026-07-20T09:24:38Z,2026-01-01,colin.stiles@tn.gov;colintimothystiles@gmail.com,tn-dept-ag/###-3913,38,19907,15,28225,76,28149
2026-07-20,2026-07-20T09:24:38Z,2026-01-01,colin.stiles@tn.gov;colintimothystiles@gmail.com,tn-dept-ag/###-0831,8,1255,45,4655,2476,2179
2026-07-20,2026-07-20T09:24:38Z,2026-01-01,colin.stiles@tn.gov;colintimothystiles@gmail.com,tn-dept-ag/###-3418,13,1054,14,1990,120,1870
2026-07-20,2026-07-20T09:24:38Z,2026-01-01,colin.stiles@tn.gov;colintimothystiles@gmail.com,tn-dept-ag/###-4565,10,4127,32,16311,10632,5679
2026-07-27,2026-07-27T10:00:44Z,2026-01-01,colin.stiles@tn.gov;colintimothystiles@gmail.com,tn-dept-ag/.github,15,431,21,1074,356,718
2026-07-27,2026-07-27T10:00:44Z,2026-01-01,colin.stiles@tn.gov;colintimothystiles@gmail.com,tn-dept-ag/###-9637,8,576,14,1379,152,1227
2026-07-27,2026-07-27T10:00:44Z,2026-01-01,colin.stiles@tn.gov;colintimothystiles@gmail.com,tn-dept-ag/###-6198,10,536,7,1226,50,1176
2026-07-27,2026-07-27T10:00:44Z,2026-01-01,colin.stiles@tn.gov;colintimothystiles@gmail.com,tn-dept-ag/###-4747,20,2299,43,4242,1198,3044
2026-07-27,2026-07-27T10:00:44Z,2026-01-01,colin.stiles@tn.gov;colintimothystiles@gmail.com,tn-dept-ag/###-8782,8,692,3,2019,45,1974
2026-07-27,2026-07-27T10:00:44Z,2026-01-01,colin.stiles@tn.gov;colintimothystiles@gmail.com,tn-dept-ag/tda-code-metrics,4,1203,39,2653,415,2238
2026-07-27,2026-07-27T10:00:44Z,2026-01-01,colin.stiles@tn.gov;colintimothystiles@gmail.com,tn-dept-ag/###-9558,9,560,5,1287,60,1227
2026-07-27,2026-07-27T10:00:44Z,2026-01-01,colin.stiles@tn.gov;colintimothystiles@gmail.com,tn-dept-ag/###-7961,9,557,24,1386,183,1203
2026-07-27,2026-07-27T10:00:44Z,2026-01-01,colin.stiles@tn.gov;colintimothystiles@gmail.com,tn-dept-ag/###-2096,10,943,12,1912,143,1769
2026-07-27,2026-07-27T10:00:44Z,2026-01-01,colin.stiles@tn.gov;colintimothystiles@gmail.com,tn-dept-ag/###-6025,38,19909,16,28281,121,28160
2026-07-27,2026-07-27T10:00:44Z,2026-01-01,colin.stiles@tn.gov;colintimothystiles@gmail.com,tn-dept-ag/###-8058,8,1193,58,4774,2695,2079
2026-07-27,2026-07-27T10:00:44Z,2026-01-01,colin.stiles@tn.gov;colintimothystiles@gmail.com,tn-dept-ag/###-3817,13,1138,25,2425,438,1987
2026-07-27,2026-07-27T10:00:44Z,2026-01-01,colin.stiles@tn.gov;colintimothystiles@gmail.com,tn-dept-ag/###-2514,10,4129,33,16335,10650,5685
2026-08-03,2026-08-03T09:55:27Z,2026-01-01,colin.stiles@tn.gov;colintimothystiles@gmail.com,tn-dept-ag/.github,15,431,21,1074,356,718
2026-08-03,2026-08-03T09:55:27Z,2026-01-01,colin.stiles@tn.gov;colintimothystiles@gmail.com,tn-dept-ag/###-8302,8,576,14,1379,152,1227
2026-08-03,2026-08-03T09:55:27Z,2026-01-01,colin.stiles@tn.gov;colintimothystiles@gmail.com,tn-dept-ag/###-6314,10,536,7,1226,50,1176
2026-08-03,2026-08-03T09:55:27Z,2026-01-01,colin.stiles@tn.gov;colintimothystiles@gmail.com,tn-dept-ag/###-5146,20,2299,43,4242,1198,3044
2026-08-03,2026-08-03T09:55:27Z,2026-01-01,colin.stiles@tn.gov;colintimothystiles@gmail.com,tn-dept-ag/###-9229,8,692,3,2019,45,1974
2026-08-03,2026-08-03T09:55:27Z,2026-01-01,colin.stiles@tn.gov;colintimothystiles@gmail.com,tn-dept-ag/tda-code-metrics,4,1203,39,2653,415,2238
2026-08-03,2026-08-03T09:55:27Z,2026-01-01,colin.stiles@tn.gov;colintimothystiles@gmail.com,tn-dept-ag/###-2813,9,560,5,1287,60,1227
2026-08-03,2026-08-03T09:55:27Z,2026-01-01,colin.stiles@tn.gov;colintimothystiles@gmail.com,tn-dept-ag/###-2614,9,557,24,1386,183,1203
2026-08-03,2026-08-03T09:55:27Z,2026-01-01,colin.stiles@tn.gov;colintimothystiles@gmail.com,tn-dept-ag/###-3784,10,943,12,1912,143,1769
2026-08-03,2026-08-03T09:55:27Z,2026-01-01,colin.stiles@tn.gov;colintimothystiles@gmail.com,tn-dept-ag/###-3091,38,19909,16,28281,121,28160
2026-08-03,2026-08-03T09:55:27Z,2026-01-01,colin.stiles@tn.gov;colintimothystiles@gmail.com,tn-dept-ag/###-5643,8,1193,58,4774,2695,2079
2026-08-03,2026-08-03T09:55:27Z,2026-01-01,colin.stiles@tn.gov;colintimothystiles@gmail.com,tn-dept-ag/###-9784,13,1138,25,2425,438,1987
2026-08-03,2026-08-03T09:55:27Z,2026-01-01,colin.stiles@tn.gov;colintimothystiles@gmail.com,tn-dept-ag/###-7483,10,4129,33,16335,10650,5685
2026-08-10,2026-08-10T07:50:08Z,2026-01-01,colin.stiles@tn.gov;colintimothystiles@gmail.com,tn-dept-ag/.github,15,431,21,1074,356,718
2026-08-10,2026-08-10T07:50:08Z,2026-01-01,colin.stiles@tn.gov;colintimothystiles@gmail.com,tn-dept-ag/###-6673,8,576,14,1379,152,1227
2026-08-10,2026-08-10T07:50:08Z,2026-01-01,colin.stiles@tn.gov;colintimothystiles@gmail.com,tn-dept-ag/###-9580,10,536,7,1226,50,1176
2026-08-10,2026-08-10T07:50:08Z,2026-01-01,colin.stiles@tn.gov;colintimothystiles@gmail.com,tn-dept-ag/###-2249,20,2299,43,4242,1198,3044
2026-08-10,2026-08-10T07:50:08Z,2026-01-01,colin.stiles@tn.gov;colintimothystiles@gmail.com,tn-dept-ag/###-2615,8,692,3,2019,45,1974
2026-08-10,2026-08-10T07:50:08Z,2026-01-01,colin.stiles@tn.gov;colintimothystiles@gmail.com,tn-dept-ag/tda-code-metrics,4,1205,40,2656,416,2240
2026-08-10,2026-08-10T07:50:08Z,2026-01-01,colin.stiles@tn.gov;colintimothystiles@gmail.com,tn-dept-ag/###-7882,51,5739,4,7314,429,6885
2026-08-10,2026-08-10T07:50:08Z,2026-01-01,colin.stiles@tn.gov;colintimothystiles@gmail.com,tn-dept-ag/###-8658,9,560,5,1287,60,1227
2026-08-10,2026-08-10T07:50:08Z,2026-01-01,colin.stiles@tn.gov;colintimothystiles@gmail.com,tn-dept-ag/###-5427,9,557,24,1386,183,1203
2026-08-10,2026-08-10T07:50:08Z,2026-01-01,colin.stiles@tn.gov;colintimothystiles@gmail.com,tn-dept-ag/###-9134,10,943,12,1912,143,1769
2026-08-10,2026-08-10T07:50:08Z,2026-01-01,colin.stiles@tn.gov;colintimothystiles@gmail.com,tn-dept-ag/###-2305,38,19909,16,28281,121,28160
2026-08-10,2026-08-10T07:50:08Z,2026-01-01,colin.stiles@tn.gov;colintimothystiles@gmail.com,tn-dept-ag/###-1371,8,1193,58,4774,2695,2079
2026-08-10,2026-08-10T07:50:08Z,2026-01-01,colin.stiles@tn.gov;colintimothystiles@gmail.com,tn-dept-ag/###-5184,13,1138,25,2425,438,1987
2026-08-10,2026-08-10T07:50:08Z,2026-01-01,colin.stiles@tn.gov;colintimothystiles@gmail.com,tn-dept-ag/###-8886,10,4129,33,16335,10650,5685
2026-09-15,2026-09-15T19:37:53Z,2026-01-01,colin.stiles@tn.gov;colintimothystiles@gmail.com,tn-dept-ag/.github,15,431,21,1074,356,718
2026-09-15,2026-09-15T19:37:53Z,2026-01-01,colin.stiles@tn.gov;colintimothystiles@gmail.com,tn-dept-ag/###-6673,8,576,14,1379,152,1227
2026-09-15,2026-09-15T19:37:53Z,2026-01-01,colin.stiles@tn.gov;colintimothystiles@gmail.com,tn-dept-ag/###-9580,10,536,7,1226,50,1176
2026-09-15,2026-09-15T19:37:53Z,2026-01-01,colin.stiles@tn.gov;colintimothystiles@gmail.com,tn-dept-ag/###-2249,20,2299,43,4242,1198,3044
2026-09-15,2026-09-15T19:37:53Z,2026-01-01,colin.stiles@tn.gov;colintimothystiles@gmail.com,tn-dept-ag/###-2615,8,692,3,2019,45,1974
2026-09-15,2026-09-15T19:37:53Z,2026-01-01,colin.stiles@tn.gov;colintimothystiles@gmail.com,tn-dept-ag/tda-code-metrics,4,1226,43,2738,459,2279
2026-09-15,2026-09-15T19:37:53Z,2026-01-01,colin.stiles@tn.gov;colintimothystiles@gmail.com,tn-dept-ag/###-7882,55,6750,15,8863,757,8106
2026-09-15,2026-09-15T19:37:53Z,2026-01-01,colin.stiles@tn.gov;colintimothystiles@gmail.com,tn-dept-ag/tda-markitdown-helper,12,403,8,1764,9,1755
2026-09-15,2026-09-15T19:37:53Z,2026-01-01,colin.stiles@tn.gov;colintimothystiles@gmail.com,tn-dept-ag/###-0504,13,1204,6,2005,1,2004
2026-09-15,2026-09-15T19:37:53Z,2026-01-01,colin.stiles@tn.gov;colintimothystiles@gmail.com,tn-dept-ag/###-8658,9,560,5,1287,60,1227
2026-09-15,2026-09-15T19:37:53Z,2026-01-01,colin.stiles@tn.gov;colintimothystiles@gmail.com,tn-dept-ag/###-5427,9,581,26,1425,188,1237
2026-09-15,2026-09-15T19:37:53Z,2026-01-01,colin.stiles@tn.gov;colintimothystiles@gmail.com,tn-dept-ag/###-9134,10,943,12,1912,143,1769
2026-09-15,2026-09-15T19:37:53Z,2026-01-01,colin.stiles@tn.gov;colintimothystiles@gmail.com,tn-dept-ag/###-2305,38,19909,16,28281,121,28160
2026-09-15,2026-09-15T19:37:53Z,2026-01-01,colin.stiles@tn.gov;colintimothystiles@gmail.com,tn-dept-ag/###-1371,8,1193,58,4774,2695,2079
2026-09-15,2026-09-15T19:37:53Z,2026-01-01,colin.stiles@tn.gov;colintimothystiles@gmail.com,tn-dept-ag/###-5184,13,1138,25,2425,438,1987
2026-09-15,2026-09-15T19:37:53Z,2026-01-01,colin.stiles@tn.gov;colintimothystiles@gmail.com,tn-dept-ag/###-2265,15,893,2,1682,2,1680
2026-09-15,2026-09-15T19:37:53Z,2026-01-01,colin.stiles@tn.gov;colintimothystiles@gmail.com,tn-dept-ag/###-4127,17,5271,19,13718,6240,7478
2026-09-15,2026-09-15T19:37:53Z,2026-01-01,colin.stiles@tn.gov;colintimothystiles@gmail.com,tn-dept-ag/###-8886,10,4129,33,16335,10650,5685
2026-09-15,2026-09-15T19:37:53Z,2026-01-01,colin.stiles@tn.gov;colintimothystiles@gmail.com,tn-dept-ag/###-7673,20,1170,5,2375,100,2275
